Workbook
Name Day_Name: Dataset!$U:$U
Name Delivery_status: Dataset!$W:$W
Name Months: Dataset!$S:$S
Name Sales_data: Dataset!$K:$K
Name Year: Dataset!$R:$R

Sheet Dataset
L1: TASK
B2: Order_ID | C2: Cust_Name | D2: State | E2: Order_Date | F2: Delivery_Date | G2: Product_Name | H2: Category | I2: Email_ID | J2: Phone | K2: Sales | L2: New_cust_Name | M2: New_State | N2: New_Product_Name | O2: New_Category | P2: Gmail_New | Q2: Phn Numbers | R2: Year | S2: Month | T2: Day | U2: Day_Name | V2: Delivery Delay | W2: Delivery Status
B3: ORD001 | C3: ramesh kumar | D3: ap | E3: 44958 | F3: 44962 | G3: tshirt blue | H3: apparel | I3: ramesh@gmailcom | J3: 9876543210 | K3: 1200 | L3: =PROPER(C3) -> Ramesh Kumar | M3: {=_xlfn.SWITCH(D3,"ap","Andhra Pradesh", "Andhra","Andhra Pradesh", "AP","Andhra Pradesh", "TS","Telangana", "telangana","Telangana")} -> Andhra Pradesh | N3: =PROPER(SUBSTITUTE(SUBSTITUTE(G3,"-"," "),"_"," ")) -> Tshirt Blue | O3: =PROPER(H3) -> Apparel | P3: =SUBSTITUTE(SUBSTITUTE(I3,"@gmailcom","@gmail.com"),".gmail","@gmail") -> ramesh@gmail.com | Q3: =SUBSTITUTE(J3,"91","") -> 9876543210 | R3: =INT(TEXT(E3,"yyyy")) -> 2023 | S3: =TEXT(E3,"mmm") -> Feb | T3: =TEXT(E3,"dd") -> 01 | U3: =TEXT(E3,"ddd") -> Wed | V3: =F3-E3 -> 4 | W3: =IF(V3>5,"Late Delivery","On Time Delivery") -> On Time Delivery
B4: ORD002 | C4: SITA devi | D4: Andhra | E4: 44990 | F4: 44995 | G4: Jeans-Black | H4: apparel | I4: sita@gmail.com | J4: 919876543211 | K4: 2500 | L4: =PROPER(C4) -> Sita Devi | M4: {=_xlfn.SWITCH(D4,"ap","Andhra Pradesh", "Andhra","Andhra Pradesh", "AP","Andhra Pradesh", "TS","Telangana", "telangana","Telangana")} -> Andhra Pradesh | N4: =PROPER(SUBSTITUTE(SUBSTITUTE(G4,"-"," "),"_"," ")) -> Jeans Black | O4: =PROPER(H4) -> Apparel | P4: =SUBSTITUTE(SUBSTITUTE(I4,"@gmailcom","@gmail.com"),".gmail","@gmail") -> sita@gmail.com | Q4: =SUBSTITUTE(J4,"91","") -> 9876543211 | R4: =INT(TEXT(E4,"yyyy")) -> 2023 | S4: =TEXT(E4,"mmm") -> Mar | T4: =TEXT(E4,"dd") -> 05 | U4: =TEXT(E4,"ddd") -> Sun | V4: =F4-E4 -> 5 | W4: =IF(V4>5,"Late Delivery","On Time Delivery") -> On Time Delivery
B5: ORD003 | C5: Rahul | D5: AP | E5: 45031 | F5: 45036 | G5: sneakers white | H5: footwear | I5: rahul@gmail.com | J5: 987654321 | K5: 3200 | L5: =PROPER(C5) -> Rahul | M5: {=_xlfn.SWITCH(D5,"ap","Andhra Pradesh", "Andhra","Andhra Pradesh", "AP","Andhra Pradesh", "TS","Telangana", "telangana","Telangana")} -> Andhra Pradesh | N5: =PROPER(SUBSTITUTE(SUBSTITUTE(G5,"-"," "),"_"," ")) -> Sneakers White | O5: =PROPER(H5) -> Footwear | P5: =SUBSTITUTE(SUBSTITUTE(I5,"@gmailcom","@gmail.com"),".gmail","@gmail") -> rahul@gmail.com | Q5: =SUBSTITUTE(J5,"91","") -> 987654321 | R5: =INT(TEXT(E5,"yyyy")) -> 2023 | S5: =TEXT(E5,"mmm") -> Apr | T5: =TEXT(E5,"dd") -> 15 | U5: =TEXT(E5,"ddd") -> Sat | V5: =F5-E5 -> 5 | W5: =IF(V5>5,"Late Delivery","On Time Delivery") -> On Time Delivery
B6: ORD004 | C6: anjali reddy | D6: Telangana | E6: 45058 | F6: 45064 | G6: kurti_red | H6: apparel | I6: anjali.gmail.com | J6: 9876543210 | K6: 1800 | L6: =PROPER(C6) -> Anjali Reddy | M6: {=_xlfn.SWITCH(D6,"ap","Andhra Pradesh", "Andhra","Andhra Pradesh", "AP","Andhra Pradesh", "TS","Telangana", "telangana","Telangana")} -> Telangana | N6: =PROPER(SUBSTITUTE(SUBSTITUTE(G6,"-"," "),"_"," ")) -> Kurti Red | O6: =PROPER(H6) -> Apparel | P6: =SUBSTITUTE(SUBSTITUTE(I6,"@gmailcom","@gmail.com"),".gmail","@gmail") -> anjali@gmail.com | Q6: =SUBSTITUTE(J6,"91","") -> 9876543210 | R6: =INT(TEXT(E6,"yyyy")) -> 2023 | S6: =TEXT(E6,"mmm") -> May | T6: =TEXT(E6,"dd") -> 12 | U6: =TEXT(E6,"ddd") -> Fri | V6: =F6-E6 -> 6 | W6: =IF(V6>5,"Late Delivery","On Time Delivery") -> Late Delivery
B7: ORD005 | C7: KIRAN | D7: telangana | E7: 45084 | F7: 45089 | G7: Shirt Blue | H7: Apparel | I7: kiran@gmailcom | J7: 9876543210 | K7: 1500 | L7: =PROPER(C7) -> Kiran | M7: {=_xlfn.SWITCH(D7,"ap","Andhra Pradesh", "Andhra","Andhra Pradesh", "AP","Andhra Pradesh", "TS","Telangana", "telangana","Telangana")} -> Telangana | N7: =PROPER(SUBSTITUTE(SUBSTITUTE(G7,"-"," "),"_"," ")) -> Shirt Blue | O7: =PROPER(H7) -> Apparel | P7: =SUBSTITUTE(SUBSTITUTE(I7,"@gmailcom","@gmail.com"),".gmail","@gmail") -> kiran@gmail.com | Q7: =SUBSTITUTE(J7,"91","") -> 9876543210 | R7: =INT(TEXT(E7,"yyyy")) -> 2023 | S7: =TEXT(E7,"mmm") -> Jun | T7: =TEXT(E7,"dd") -> 07 | U7: =TEXT(E7,"ddd") -> Wed | V7: =F7-E7 -> 5 | W7: =IF(V7>5,"Late Delivery","On Time Delivery") -> On Time Delivery
B8: ORD006 | C8: meena | D8: TS | E8: 45115 | F8: 45121 | G8: dress pink | H8: apparel | I8: meena@gmail.com | J8: 919876543210 | K8: 2100 | L8: =PROPER(C8) -> Meena | M8: {=_xlfn.SWITCH(D8,"ap","Andhra Pradesh", "Andhra","Andhra Pradesh", "AP","Andhra Pradesh", "TS","Telangana", "telangana","Telangana")} -> Telangana | N8: =PROPER(SUBSTITUTE(SUBSTITUTE(G8,"-"," "),"_"," ")) -> Dress Pink | O8: =PROPER(H8) -> Apparel | P8: =SUBSTITUTE(SUBSTITUTE(I8,"@gmailcom","@gmail.com"),".gmail","@gmail") -> meena@gmail.com | Q8: =SUBSTITUTE(J8,"91","") -> 9876543210 | R8: =INT(TEXT(E8,"yyyy")) -> 2023 | S8: =TEXT(E8,"mmm") -> Jul | T8: =TEXT(E8,"dd") -> 08 | U8: =TEXT(E8,"ddd") -> Sat | V8: =F8-E8 -> 6 | W8: =IF(V8>5,"Late Delivery","On Time Delivery") -> Late Delivery
B9: ORD007 | C9: john doe | D9: ap | E9: 45146 | F9: 45153 | G9: tshirt blue | H9: Apparel | I9: john@gmailcom | J9: 9876543210 | K9: 1200 | L9: =PROPER(C9) -> John Doe | M9: {=_xlfn.SWITCH(D9,"ap","Andhra Pradesh", "Andhra","Andhra Pradesh", "AP","Andhra Pradesh", "TS","Telangana", "telangana","Telangana")} -> Andhra Pradesh | N9: =PROPER(SUBSTITUTE(SUBSTITUTE(G9,"-"," "),"_"," ")) -> Tshirt Blue | O9: =PROPER(H9) -> Apparel | P9: =SUBSTITUTE(SUBSTITUTE(I9,"@gmailcom","@gmail.com"),".gmail","@gmail") -> john@gmail.com | Q9: =SUBSTITUTE(J9,"91","") -> 9876543210 | R9: =INT(TEXT(E9,"yyyy")) -> 2023 | S9: =TEXT(E9,"mmm") -> Aug | T9: =TEXT(E9,"dd") -> 08 | U9: =TEXT(E9,"ddd") -> Tue | V9: =F9-E9 -> 7 | W9: =IF(V9>5,"Late Delivery","On Time Delivery") -> Late Delivery
B10: ORD008 | C10: Pooja | D10: Andhra Pradesh | E10: 45170 | F10: 45176 | G10: jeans black | H10: apparel | I10: pooja@gmail.com | J10: 9876543211 | K10: 2400 | L10: =PROPER(C10) -> Pooja | M10: {=_xlfn.SWITCH(D10,"ap","Andhra Pradesh", "Andhra","Andhra Pradesh", "AP","Andhra Pradesh", "TS","Telangana", "telangana","Telangana", "Andhra Pradesh","Andhra Pradesh")} -> Andhra Pradesh | N10: =PROPER(SUBSTITUTE(SUBSTITUTE(G10,"-"," "),"_"," ")) -> Jeans Black | O10: =PROPER(H10) -> Apparel | P10: =SUBSTITUTE(SUBSTITUTE(I10,"@gmailcom","@gmail.com"),".gmail","@gmail") -> pooja@gmail.com | Q10: =SUBSTITUTE(J10,"91","") -> 9876543211 | R10: =INT(TEXT(E10,"yyyy")) -> 2023 | S10: =TEXT(E10,"mmm") -> Sep | T10: =TEXT(E10,"dd") -> 01 | U10: =TEXT(E10,"ddd") -> Fri | V10: =F10-E10 -> 6 | W10: =IF(V10>5,"Late Delivery","On Time Delivery") -> Late Delivery
B11: ORD009 | C11: vikram | D11: AP | E11: 45210 | F11: 45217 | G11: sneakers white | H11: footwear | I11: vikram@gmailcom | J11: 9876543212 | K11: 3300 | L11: =PROPER(C11) -> Vikram | M11: {=_xlfn.SWITCH(D11,"ap","Andhra Pradesh", "Andhra","Andhra Pradesh", "AP","Andhra Pradesh", "TS","Telangana", "telangana","Telangana")} -> Andhra Pradesh | N11: =PROPER(SUBSTITUTE(SUBSTITUTE(G11,"-"," "),"_"," ")) -> Sneakers White | O11: =PROPER(H11) -> Footwear | P11: =SUBSTITUTE(SUBSTITUTE(I11,"@gmailcom","@gmail.com"),".gmail","@gmail") -> vikram@gmail.com | Q11: =SUBSTITUTE(J11,"91","") -> 9876543212 | R11: =INT(TEXT(E11,"yyyy")) -> 2023 | S11: =TEXT(E11,"mmm") -> Oct | T11: =TEXT(E11,"dd") -> 11 | U11: =TEXT(E11,"ddd") -> Wed | V11: =F11-E11 -> 7 | W11: =IF(V11>5,"Late Delivery","On Time Delivery") -> Late Delivery
B12: ORD010 | C12: kavya | D12: telangana | E12: 45232 | F12: 45238 | G12: kurti red | H12: apparel | I12: kavya@gmail.com | J12: 9876543213 | K12: 1900 | L12: =PROPER(C12) -> Kavya | M12: {=_xlfn.SWITCH(D12,"ap","Andhra Pradesh", "Andhra","Andhra Pradesh", "AP","Andhra Pradesh", "TS","Telangana", "telangana","Telangana")} -> Telangana | N12: =PROPER(SUBSTITUTE(SUBSTITUTE(G12,"-"," "),"_"," ")) -> Kurti Red | O12: =PROPER(H12) -> Apparel | P12: =SUBSTITUTE(SUBSTITUTE(I12,"@gmailcom","@gmail.com"),".gmail","@gmail") -> kavya@gmail.com | Q12: =SUBSTITUTE(J12,"91","") -> 9876543213 | R12: =INT(TEXT(E12,"yyyy")) -> 2023 | S12: =TEXT(E12,"mmm") -> Nov | T12: =TEXT(E12,"dd") -> 02 | U12: =TEXT(E12,"ddd") -> Thu | V12: =F12-E12 -> 6 | W12: =IF(V12>5,"Late Delivery","On Time Delivery") -> Late Delivery
B13: ORD011 | C13: RAMESH | D13: ap | E13: 45272 | F13: 45278 | G13: shirt blue | H13: apparel | I13: ramesh@gmail.com | J13: 9876543214 | K13: 1600 | L13: =PROPER(C13) -> Ramesh | M13: {=_xlfn.SWITCH(D13,"ap","Andhra Pradesh", "Andhra","Andhra Pradesh", "AP","Andhra Pradesh", "TS","Telangana", "telangana","Telangana")} -> Andhra Pradesh | N13: =PROPER(SUBSTITUTE(SUBSTITUTE(G13,"-"," "),"_"," ")) -> Shirt Blue | O13: =PROPER(H13) -> Apparel | P13: =SUBSTITUTE(SUBSTITUTE(I13,"@gmailcom","@gmail.com"),".gmail","@gmail") -> ramesh@gmail.com | Q13: =SUBSTITUTE(J13,"91","") -> 9876543214 | R13: =INT(TEXT(E13,"yyyy")) -> 2023 | S13: =TEXT(E13,"mmm") -> Dec | T13: =TEXT(E13,"dd") -> 12 | U13: =TEXT(E13,"ddd") -> Tue | V13: =F13-E13 -> 6 | W13: =IF(V13>5,"Late Delivery","On Time Delivery") -> Late Delivery
B14: ORD012 | C14: sita devi | D14: AP | E14: 45296 | F14: 45301 | G14: jeans-black | H14: apparel | I14: sita@gmailcom | J14: 9876543215 | K14: 2600 | L14: =PROPER(C14) -> Sita Devi | M14: {=_xlfn.SWITCH(D14,"ap","Andhra Pradesh", "Andhra","Andhra Pradesh", "AP","Andhra Pradesh", "TS","Telangana", "telangana","Telangana")} -> Andhra Pradesh | N14: =PROPER(SUBSTITUTE(SUBSTITUTE(G14,"-"," "),"_"," ")) -> Jeans Black | O14: =PROPER(H14) -> Apparel | P14: =SUBSTITUTE(SUBSTITUTE(I14,"@gmailcom","@gmail.com"),".gmail","@gmail") -> sita@gmail.com | Q14: =SUBSTITUTE(J14,"91","") -> 9876543215 | R14: =INT(TEXT(E14,"yyyy")) -> 2024 | S14: =TEXT(E14,"mmm") -> Jan | T14: =TEXT(E14,"dd") -> 05 | U14: =TEXT(E14,"ddd") -> Fri | V14: =F14-E14 -> 5 | W14: =IF(V14>5,"Late Delivery","On Time Delivery") -> On Time Delivery
B15: ORD013 | C15: Rahul kumar | D15: andhra | E15: 45337 | F15: 45342 | G15: sneakers_white | H15: footwear | I15: rahul@gmail.com | J15: 9876543216 | K15: 3500 | L15: =PROPER(C15) -> Rahul Kumar | M15: {=_xlfn.SWITCH(D15,"ap","Andhra Pradesh", "Andhra","Andhra Pradesh", "AP","Andhra Pradesh", "TS","Telangana", "telangana","Telangana")} -> Andhra Pradesh | N15: =PROPER(SUBSTITUTE(SUBSTITUTE(G15,"-"," "),"_"," ")) -> Sneakers White | O15: =PROPER(H15) -> Footwear | P15: =SUBSTITUTE(SUBSTITUTE(I15,"@gmailcom","@gmail.com"),".gmail","@gmail") -> rahul@gmail.com | Q15: =SUBSTITUTE(J15,"91","") -> 9876543216 | R15: =INT(TEXT(E15,"yyyy")) -> 2024 | S15: =TEXT(E15,"mmm") -> Feb | T15: =TEXT(E15,"dd") -> 15 | U15: =TEXT(E15,"ddd") -> Thu | V15: =F15-E15 -> 5 | W15: =IF(V15>5,"Late Delivery","On Time Delivery") -> On Time Delivery
B16: ORD014 | C16: Anjali | D16: TS | E16: 45361 | F16: 45367 | G16: kurti_red | H16: apparel | I16: anjali@gmailcom | J16: 9876543217 | K16: 2000 | L16: =PROPER(C16) -> Anjali | M16: {=_xlfn.SWITCH(D16,"ap","Andhra Pradesh", "Andhra","Andhra Pradesh", "AP","Andhra Pradesh", "TS","Telangana", "telangana","Telangana")} -> Telangana | N16: =PROPER(SUBSTITUTE(SUBSTITUTE(G16,"-"," "),"_"," ")) -> Kurti Red | O16: =PROPER(H16) -> Apparel | P16: =SUBSTITUTE(SUBSTITUTE(I16,"@gmailcom","@gmail.com"),".gmail","@gmail") -> anjali@gmail.com | Q16: =SUBSTITUTE(J16,"91","") -> 9876543217 | R16: =INT(TEXT(E16,"yyyy")) -> 2024 | S16: =TEXT(E16,"mmm") -> Mar | T16: =TEXT(E16,"dd") -> 10 | U16: =TEXT(E16,"ddd") -> Sun | V16: =F16-E16 -> 6 | W16: =IF(V16>5,"Late Delivery","On Time Delivery") -> Late Delivery
B17: ORD015 | C17: Kiran | D17: telangana | E17: 45394 | F17: 45400 | G17: Shirt blue | H17: apparel | I17: kiran@gmail.com | J17: 919876543218 | K17: 1700 | L17: =PROPER(C17) -> Kiran | M17: {=_xlfn.SWITCH(D17,"ap","Andhra Pradesh", "Andhra","Andhra Pradesh", "AP","Andhra Pradesh", "TS","Telangana", "telangana","Telangana")} -> Telangana | N17: =PROPER(SUBSTITUTE(SUBSTITUTE(G17,"-"," "),"_"," ")) -> Shirt Blue | O17: =PROPER(H17) -> Apparel | P17: =SUBSTITUTE(SUBSTITUTE(I17,"@gmailcom","@gmail.com"),".gmail","@gmail") -> kiran@gmail.com | Q17: =SUBSTITUTE(J17,"91","") -> 9876543218 | R17: =INT(TEXT(E17,"yyyy")) -> 2024 | S17: =TEXT(E17,"mmm") -> Apr | T17: =TEXT(E17,"dd") -> 12 | U17: =TEXT(E17,"ddd") -> Fri | V17: =F17-E17 -> 6 | W17: =IF(V17>5,"Late Delivery","On Time Delivery") -> Late Delivery
B18: ORD016 | C18: Meena | D18: AP | E18: 45432 | F18: 45437 | G18: dress pink | H18: apparel | I18: meena@gmailcom | J18: 9876543219 | K18: 2200 | L18: =PROPER(C18) -> Meena | M18: {=_xlfn.SWITCH(D18,"ap","Andhra Pradesh", "Andhra","Andhra Pradesh", "AP","Andhra Pradesh", "TS","Telangana", "telangana","Telangana")} -> Andhra Pradesh | N18: =PROPER(SUBSTITUTE(SUBSTITUTE(G18,"-"," "),"_"," ")) -> Dress Pink | O18: =PROPER(H18) -> Apparel | P18: =SUBSTITUTE(SUBSTITUTE(I18,"@gmailcom","@gmail.com"),".gmail","@gmail") -> meena@gmail.com | Q18: =SUBSTITUTE(J18,"91","") -> 9876543219 | R18: =INT(TEXT(E18,"yyyy")) -> 2024 | S18: =TEXT(E18,"mmm") -> May | T18: =TEXT(E18,"dd") -> 20 | U18: =TEXT(E18,"ddd") -> Mon | V18: =F18-E18 -> 5 | W18: =IF(V18>5,"Late Delivery","On Time Delivery") -> On Time Delivery
B19: ORD017 | C19: John | D19: ap | E19: 45444 | F19: 45449 | G19: tshirt_blue | H19: apparel | I19: john@gmail.com | J19: 9876543220 | K19: 1300 | L19: =PROPER(C19) -> John | M19: {=_xlfn.SWITCH(D19,"ap","Andhra Pradesh", "Andhra","Andhra Pradesh", "AP","Andhra Pradesh", "TS","Telangana", "telangana","Telangana")} -> Andhra Pradesh | N19: =PROPER(SUBSTITUTE(SUBSTITUTE(G19,"-"," "),"_"," ")) -> Tshirt Blue | O19: =PROPER(H19) -> Apparel | P19: =SUBSTITUTE(SUBSTITUTE(I19,"@gmailcom","@gmail.com"),".gmail","@gmail") -> john@gmail.com | Q19: =SUBSTITUTE(J19,"91","") -> 9876543220 | R19: =INT(TEXT(E19,"yyyy")) -> 2024 | S19: =TEXT(E19,"mmm") -> Jun | T19: =TEXT(E19,"dd") -> 01 | U19: =TEXT(E19,"ddd") -> Sat | V19: =F19-E19 -> 5 | W19: =IF(V19>5,"Late Delivery","On Time Delivery") -> On Time Delivery
B20: ORD018 | C20: POOJA | D20: Andhra | E20: 45480 | F20: 45486 | G20: jeans black | H20: apparel | I20: pooja@gmailcom | J20: 9876543221 | K20: 2700 | L20: =PROPER(C20) -> Pooja | M20: {=_xlfn.SWITCH(D20,"ap","Andhra Pradesh", "Andhra","Andhra Pradesh", "AP","Andhra Pradesh", "TS","Telangana", "telangana","Telangana")} -> Andhra Pradesh | N20: =PROPER(SUBSTITUTE(SUBSTITUTE(G20,"-"," "),"_"," ")) -> Jeans Black | O20: =PROPER(H20) -> Apparel | P20: =SUBSTITUTE(SUBSTITUTE(I20,"@gmailcom","@gmail.com"),".gmail","@gmail") -> pooja@gmail.com | Q20: =SUBSTITUTE(J20,"91","") -> 9876543221 | R20: =INT(TEXT(E20,"yyyy")) -> 2024 | S20: =TEXT(E20,"mmm") -> Jul | T20: =TEXT(E20,"dd") -> 07 | U20: =TEXT(E20,"ddd") -> Sun | V20: =F20-E20 -> 6 | W20: =IF(V20>5,"Late Delivery","On Time Delivery") -> Late Delivery
B21: ORD019 | C21: Vikram | D21: TS | E21: 45512 | F21: 45518 | G21: sneakers white | H21: footwear | I21: vikram@gmail.com | J21: 9876543222 | K21: 3600 | L21: =PROPER(C21) -> Vikram | M21: {=_xlfn.SWITCH(D21,"ap","Andhra Pradesh", "Andhra","Andhra Pradesh", "AP","Andhra Pradesh", "TS","Telangana", "telangana","Telangana")} -> Telangana | N21: =PROPER(SUBSTITUTE(SUBSTITUTE(G21,"-"," "),"_"," ")) -> Sneakers White | O21: =PROPER(H21) -> Footwear | P21: =SUBSTITUTE(SUBSTITUTE(I21,"@gmailcom","@gmail.com"),".gmail","@gmail") -> vikram@gmail.com | Q21: =SUBSTITUTE(J21,"91","") -> 9876543222 | R21: =INT(TEXT(E21,"yyyy")) -> 2024 | S21: =TEXT(E21,"mmm") -> Aug | T21: =TEXT(E21,"dd") -> 08 | U21: =TEXT(E21,"ddd") -> Thu | V21: =F21-E21 -> 6 | W21: =IF(V21>5,"Late Delivery","On Time Delivery") -> Late Delivery
B22: ORD020 | C22: Kavya | D22: telangana | E22: 45544 | F22: 45550 | G22: kurti red | H22: apparel | I22: kavya@gmailcom | J22: 919876543223 | K22: 2100 | L22: =PROPER(C22) -> Kavya | M22: {=_xlfn.SWITCH(D22,"ap","Andhra Pradesh", "Andhra","Andhra Pradesh", "AP","Andhra Pradesh", "TS","Telangana", "telangana","Telangana")} -> Telangana | N22: =PROPER(SUBSTITUTE(SUBSTITUTE(G22,"-"," "),"_"," ")) -> Kurti Red | O22: =PROPER(H22) -> Apparel | P22: =SUBSTITUTE(SUBSTITUTE(I22,"@gmailcom","@gmail.com"),".gmail","@gmail") -> kavya@gmail.com | Q22: =SUBSTITUTE(J22,"91","") -> 9876543223 | R22: =INT(TEXT(E22,"yyyy")) -> 2024 | S22: =TEXT(E22,"mmm") -> Sep | T22: =TEXT(E22,"dd") -> 09 | U22: =TEXT(E22,"ddd") -> Mon | V22: =F22-E22 -> 6 | W22: =IF(V22>5,"Late Delivery","On Time Delivery") -> Late Delivery
M45: =PROPER(G23)
M46: =PROPER(G24)
M47: =PROPER(G25)
M48: =PROPER(G26)
M49: =PROPER(G27)
M50: =PROPER(G28)
M51: =PROPER(G29)
M52: =PROPER(G30)
M53: =PROPER(G31)
M54: =PROPER(G32)
M55: =PROPER(G33)
M56: =PROPER(G34)
... M220: =PROPER(G198)

Sheet Report_Refernce

Sheet Sheet1
I2: Select Year | J2: 2023 | U2: Year
B3: Month | C3: Total Slaes | E3: Delivery Satuts | I3: Select Month | J3: Jun | V3: =INT(TEXT(Dataset!E3,"yyyy")) -> 2023
B4: =TEXT(Dataset!E14,"mmm") -> Jan | C4: =SUMIF(Months,B4,Sales_data) -> 2600 | E4: On Time Delivery | F4: =COUNTIF(Delivery_status,E4) -> 8 | G4: =F4/20 -> 0.4 | I4: Select Day_Name | J4: Wed | V4: =INT(TEXT(Dataset!E14,"yyyy")) -> 2024
B5: =TEXT(Dataset!E3,"mmm") -> Feb | C5: =SUMIF(Months,B5,Sales_data) -> 4700 | E5: Late Delivery | F5: =COUNTIF(Delivery_status,E5) -> 12 | G5: =F5/20 -> 0.6 | I5: Total Sales | J5: =SUMIFS(Sales_data,Year,J2,Months,J3,Day_Name,J4) -> 1500 | V5: Month
B6: =TEXT(Dataset!E4,"mmm") -> Mar | C6: =SUMIF(Months,B6,Sales_data) -> 4500 | V6: =TEXT(Dataset!E3,"mmm") -> Feb
B7: =TEXT(Dataset!E5,"mmm") -> Apr | C7: =SUMIF(Months,B7,Sales_data) -> 4900 | E7: Day_Name | F7: Sales | G7: Count | V7: =TEXT(Dataset!E4,"mmm") -> Mar
B8: =TEXT(Dataset!E6,"mmm") -> May | C8: =SUMIF(Months,B8,Sales_data) -> 4000 | E8: =TEXT(Dataset!E18,"ddd") -> Mon | F8: =SUMIF(Day_Name,E8,Sales_data) -> 4300 | G8: =COUNTIF(Day_Name,E8) -> 2 | V8: =TEXT(Dataset!E5,"mmm") -> Apr
B9: =TEXT(Dataset!E7,"mmm") -> Jun | C9: =SUMIF(Months,B9,Sales_data) -> 2800 | E9: =TEXT(Dataset!E9,"ddd") -> Tue | F9: =SUMIF(Day_Name,E9,Sales_data) -> 2800 | G9: =COUNTIF(Day_Name,E9) -> 2 | V9: =TEXT(Dataset!E6,"mmm") -> May
B10: =TEXT(Dataset!E8,"mmm") -> Jul | C10: =SUMIF(Months,B10,Sales_data) -> 4800 | E10: =TEXT(Dataset!E3,"ddd") -> Wed | F10: =SUMIF(Day_Name,E10,Sales_data) -> 6000 | G10: =COUNTIF(Day_Name,E10) -> 3 | V10: =TEXT(Dataset!E7,"mmm") -> Jun
B11: =TEXT(Dataset!E9,"mmm") -> Aug | C11: =SUMIF(Months,B11,Sales_data) -> 4800 | E11: =TEXT(Dataset!E12,"ddd") -> Thu | F11: =SUMIF(Day_Name,E11,Sales_data) -> 9000 | G11: =COUNTIF(Day_Name,E11) -> 3 | V11: =TEXT(Dataset!E8,"mmm") -> Jul
B12: =TEXT(Dataset!E10,"mmm") -> Sep | C12: =SUMIF(Months,B12,Sales_data) -> 4500 | E12: =TEXT(Dataset!E6,"ddd") -> Fri | F12: =SUMIF(Day_Name,E12,Sales_data) -> 8500 | G12: =COUNTIF(Day_Name,E12) -> 4 | V12: =TEXT(Dataset!E9,"mmm") -> Aug
B13: =TEXT(Dataset!E11,"mmm") -> Oct | C13: =SUMIF(Months,B13,Sales_data) -> 3300 | E13: =TEXT(Dataset!E5,"ddd") -> Sat | F13: =SUMIF(Day_Name,E13,Sales_data) -> 6600 | G13: =COUNTIF(Day_Name,E13) -> 3 | V13: =TEXT(Dataset!E10,"mmm") -> Sep
B14: =TEXT(Dataset!E12,"mmm") -> Nov | C14: =SUMIF(Months,B14,Sales_data) -> 1900 | E14: =TEXT(Dataset!E4,"ddd") -> Sun | F14: =SUMIF(Day_Name,E14,Sales_data) -> 7200 | G14: =COUNTIF(Day_Name,E14) -> 3 | V14: =TEXT(Dataset!E11,"mmm") -> Oct
B15: =TEXT(Dataset!E13,"mmm") -> Dec | C15: =SUMIF(Months,B15,Sales_data) -> 1600 | V15: =TEXT(Dataset!E12,"mmm") -> Nov
V16: =TEXT(Dataset!E13,"mmm") -> Dec
V17: =TEXT(Dataset!E14,"mmm") -> Jan
V19: Day_Name
V20: =TEXT(Dataset!E3,"ddd") -> Wed
V21: =TEXT(Dataset!E4,"ddd") -> Sun
V22: =TEXT(Dataset!E5,"ddd") -> Sat
V23: =TEXT(Dataset!E6,"ddd") -> Fri
V24: =TEXT(Dataset!E9,"ddd") -> Tue
V25: =TEXT(Dataset!E12,"ddd") -> Thu
V26: =TEXT(Dataset!E18,"ddd") -> Mon
